[
    {
        "question": "What is Node.js?",
        "options": ["A JavaScript library", "A JavaScript runtime environment", "A front-end framework", "A text editor"],
        "correct_answer": "A JavaScript runtime environment"
    },
    {
        "question": "Which of the following is used to install Node.js packages?",
        "options": ["npm", "node", "script", "install"],
        "correct_answer": "npm"
    },
    {
        "question": "What is the command to run a Node.js application?",
        "options": ["node app.js", "node run app.js", "run node app.js", "start node app.js"],
        "correct_answer": "node app.js"
    },
    {
        "question": "Which of the following is true about Node.js?",
        "options": ["It is single-threaded", "It supports multi-threading", "It only works on Windows", "It is a programming language"],
        "correct_answer": "It is single-threaded"
    },
    {
        "question": "Which method is used to create a server in Node.js?",
        "options": ["http.createServer()", "server.create()", "createServer()", "node.createServer()"],
        "correct_answer": "http.createServer()"
    },
    {
        "question": "How can you handle asynchronous operations in Node.js?",
        "options": ["Using callbacks", "Using promises", "Using async/await", "All of the above"],
        "correct_answer": "All of the above"
    },
    {
        "question": "Which package manager is used by Node.js?",
        "options": ["npm", "yarn", "pip", "gem"],
        "correct_answer": "npm"
    },
    {
        "question": "In Node.js, which object is used to interact with the HTTP request?",
        "options": ["request", "res", "req", "query"],
        "correct_answer": "req"
    },
    {
        "question": "What is the default port number on which the Node.js server listens?",
        "options": ["80", "3000", "8080", "5000"],
        "correct_answer": "3000"
    },
    {
        "question": "Which of the following is not a core module of Node.js?",
        "options": ["fs", "http", "express", "path"],
        "correct_answer": "express"
    },
    {
        "question": "What is the chemical symbol for water?",
        "options": ["H2O", "O2", "CO2", "H2"],
        "correct_answer": "H2O"
    },
    {
        "question": "What is the capital of France?",
        "options": ["Berlin", "Madrid", "Paris", "Rome"],
        "correct_answer": "Paris"
    }
]
